1,na,tilllate,Espanha
2,a,gape,Brasil
3,a,beauty99,Brasil
4,a,mrhfacine,Brasil
5,a,valeverde,Brasil
6,a,linkpromocional,Brasil
7,a,sakurai,Brasil
8,a,longislandsurf,Brasil
9,a,longislandsurf,Brasil
10,a,estancia,Brasil
11,na
12,na
13,na
14,na
15,na
16,na
17,na
18,na
19,na
20,a,lelloimoveis,Brasil
21,a,objetivaconsorcio,Brasil
22,a,lelloimoveis,Brasil
23,na
24,na
25,na
26,a,visaoinstitutos,Brasil
27,a,unipr0,Brasil
28,a,masp,Brasil
29,na
30,na
31,na
32,na,barloworld,Espanha
33,a,adessoex,Brasil
34,a,mapdata1,Brasil
35,a,discasa,Brasil
36,a,datahouseinf,Brasil
37,a,engepesca,Brasil
38,a,engepesca,Brasil
39,na
40,na
41,na
42,na
43,na
44,na,autogal,Espanha
45,na
46,a,mutual2017,Brasil
47,a,sindijudiciario,Brasil
48,a,doneprodutora,Brasil
49,a,ulyssesgomespt,Brasil
50,na
51,na
52,na
53,na
54,a,grdigital,Brasil
55,a,grdigital,Brasil
56,a,prestbater,Brasil
57,a,doneprodutora,Brasil
58,a,promotur,Brasil
59,a,strongsp,Brasil
60,a,viamia,Brasil
61,a,strongsp,Brasil
62,na
63,a,promotur,Brasil
64,na
65,na
66,na
67,na
68,na
69,na,samiraa,Espanha
70,a,visaoinstitutos,Brasil
71,a,costaodosantinho,Brasil
72,a,digitalsign,USA
73,na
74,na
75,na
76,na
77,na
78,na
79,a,grdigital,Brasil
80,a,spyescom,Brasil
81,na,structuralia,Espanha
82,a,brasilflex,Brasil
83,na,hotelmadero,Espanha
84,a,phoenixluferco,Brasil
85,a,ivoclar,Brasil
86,a,costaodosantinho,Brasil
87,a,grdigital,Brasil
88,a,spyescom,Brasil
89,a,latasa,Brasil
90,a,mpublicitario,Brasil
91,na,tilllate,Espanha
92,a,phoenixluferco,Brasil
93,a,consultoriodemarketing,Brasil
94,a,agenciasisters,Brasil
95,a,grdigital,Brasil
96,a,mapaetec,Brasil
97,na
98,na
99,na
100,na
101,na
102,na
103,na
104,na
105,na
106,na
107,a,truckpad,Brasil
108,a,ladislaudowbor,Brasil
109,na
110,na
111,na
112,na
113,na
114,na
115,na
116,a,prestbater,Brasil
117,a,plusplac,Brasil
118,a,brasilflex,Brasil
119,a,truckpad,Brasil
120,a,grdigital,Brasil
121,a,spyescom,Brasil
122,a,plusplac,Brasil
123,a,linkpromocional,Brasil
124,na,srburns,Espanha
125,a,tanakadental,Brasil
126,a,einstituto,Brasil
127,a,brasilconvenios,Brasil
128,a,spyescom,Brasil
129,a,dentepordente,Brasil
130,a,tanakadental,Brasil
131,na
132,na
133,na
134,na
135,na
136,na
137,na
138,na
139,na
140,na
141,na
142,a,pnrhelp,Brasil
143,a,unipr0,Brasil
144,na
145,na
146,na
147,na
148,na
149,a,ergovita,Brasil
150,a,spyescom,Brasil
151,a,spyescom,Brasil
152,a,luchini,Brasil
153,na
154,na
155,na
156,na
